NumberOfSample,Amplification,Precision,Recall,NumberOfRow
415,1,0.018894,0.896104,830
415,20,0.59,0.766234,8715
415,30,0.602041,0.766234,12865
415,50,0.602041,0.766234,21165
200,1,0.022186,0.896104,400
200,10,0.233333,0.818182,2200
200,50,0.666667,0.753247,10200
320,1,0.015023,0.896104,640
320,10,0.310345,0.818182,3520
320,50,0.559633,0.792208,16320
