experiment,fold,train_accuracy,test_accuracy,val_accuracy,test_precision,test_recall,test_f1,val_precision,val_recall,val_f1,timeuse,rank
baseline,2,0.999490065164928,0.999449467818892,0.999412978511456,0.814285714285714,0.74025974025974,0.775510204081633,0.851485148514851,0.826923076923077,0.839024390243902,26.9687900543213,1
remove Amount,2,0.999490065164928,0.999449467818892,0.999412978511456,0.814285714285714,0.74025974025974,0.775510204081633,0.851485148514851,0.826923076923077,0.839024390243902,28.174113035202,1
log,2,0.999490065164928,0.999449467818892,0.999412978511456,0.814285714285714,0.74025974025974,0.775510204081633,0.851485148514851,0.826923076923077,0.839024390243902,35.3258440494537,1
min_max_norm,2,0.999490065164928,0.999449467818892,0.999412978511456,0.814285714285714,0.74025974025974,0.775510204081633,0.851485148514851,0.826923076923077,0.839024390243902,28.9068338871002,1
zscore_norm,2,0.999490065164928,0.999449467818892,0.999412978511456,0.814285714285714,0.74025974025974,0.775510204081633,0.851485148514851,0.826923076923077,0.839024390243902,28.2577080726624,1
